customer_id,name,email,city,registration_date
1,Phillip Waller,donna69@example.com,West Sethside,2024-08-28
2,Anthony Hudson,sarahcarpenter@example.net,Lake Jessicaville,2021-05-01
3,Mitchell Morales,taylortara@example.com,Sharonstad,2023-08-23
4,Jesus Davis,darrenschneider@example.net,Port Nicole,2023-10-30
5,Debra Fuentes,mendezlisa@example.net,North Candice,2025-07-27
6,Erik Merritt,sdixon@example.com,Amandaborough,2024-05-26
7,Angela Rojas,mstevens@example.org,South Christine,2024-10-07
8,David Fitzgerald,kyle11@example.com,Lake Samantha,2022-07-06
9,Ronald Elliott,williamstimothy@example.net,Kyleberg,2023-12-24
10,Gregory Fisher,emilyreyes@example.net,Port Michaelstad,2023-12-21
11,Juan Miles,samantha97@example.com,North Timothy,2024-07-06
12,Peter Irwin,wadelisa@example.org,Charleshaven,2023-03-25
13,Thomas Chapman,anthony46@example.org,East Taraview,2025-09-08
14,Alicia Williams,rachelshah@example.com,Paulborough,2022-01-25
15,Ronald Potter,xadams@example.net,Jamieville,2025-10-21
16,Michael Sims,ryannavarro@example.net,Lake Wendyburgh,2025-08-02
17,Samantha Clark,adamdawson@example.net,Russellberg,2024-08-17
18,Dwayne Powell,nicholaskirby@example.com,Arellanoborough,2022-10-15
19,Sabrina Wilson,robertlee@example.net,New Marilynville,2022-08-22
20,Mary Hodge,dakotaquinn@example.org,Codyport,2024-01-06
21,Jose Casey,debrataylor@example.com,East Curtisview,2024-05-30
22,Mackenzie Rodriguez,cheryl56@example.com,Port Laurieport,2022-01-31
23,Tina Wolf,kevin97@example.net,Frederickborough,2024-07-17
24,Laura Sheppard,justinsullivan@example.com,West Margaretburgh,2025-11-25
25,Joshua Mckee,ramoschristopher@example.net,Lake David,2022-07-22
26,Albert Solis,richard91@example.org,North Erica,2025-06-30
27,Jamie Hernandez,larsencourtney@example.com,Dominiqueport,2023-10-23
28,Jordan Velazquez,dkramer@example.com,Curtisshire,2025-03-28
29,Caroline Johnson,smithlauren@example.com,Elizabethport,2021-01-08
30,Megan Roberts,walljason@example.com,Port Randy,2021-05-01
31,Jason Curtis,halljeremy@example.com,New Michael,2022-02-25
32,David Hoover,xjefferson@example.org,West James,2023-04-27
33,Jamie Simon,johnrobbins@example.net,North Amandaside,2024-12-05
34,Christopher Butler,alecbaker@example.com,North Patriciaborough,2024-10-27
35,Paul Estrada,kurtwhite@example.org,Jordanmouth,2025-12-02
36,Natasha Gray,laneapril@example.org,Andrewhaven,2022-01-05
37,Scott Payne,mcguirehenry@example.com,Stephenhaven,2025-10-16
38,Alicia Smith,qjohnson@example.com,Lake Cody,2021-08-28
39,Darrell Galloway DDS,robertgonzalez@example.org,East Peter,2023-01-05
40,Joe Cox,reesetammy@example.com,Davidmouth,2022-10-15
41,Manuel Hall,penabethany@example.org,North Bryce,2024-12-31
42,Randy Mays,newtonrachel@example.org,North Charles,2022-10-25
43,Connie Rangel,patricia21@example.org,Evanston,2022-01-20
44,Suzanne Allen,qramirez@example.org,Singletonstad,2023-03-26
45,Christopher Marshall,floydmelissa@example.net,South Christineville,2022-11-22
46,Anthony Howe,martinezjonathan@example.net,North Melissa,2025-08-21
47,Rebekah Morrison,lopezwilliam@example.com,Wilsontown,2023-06-07
48,Tiffany Shaffer,beckerbrandon@example.com,Lake Thomas,2023-07-22
49,Stephen Moore,ywhite@example.net,Barajasland,2022-05-13
50,Amy Wilson,osmith@example.org,Jonesfort,2022-03-19
51,Kenneth Shields,samuelmoore@example.org,Huynhland,2024-05-04
52,Andrea Barker,donna53@example.com,New Joseph,2023-02-09
53,Patricia Taylor,bensonsandra@example.net,West John,2023-10-01
54,Stephanie Gray,watsonrobert@example.net,Port Rebeccastad,2022-04-01
55,Brandon Velasquez,vpeterson@example.com,Markmouth,2021-12-22
56,Adrienne Chandler,george33@example.net,West Katherineborough,2021-09-18
57,Dr. Kevin Cameron III,nporter@example.org,Hernandezhaven,2021-10-07
58,Anthony Hunt,sextonpatrick@example.net,Leebury,2022-07-05
59,Joy Shah,debrasantiago@example.net,Davidview,2025-03-05
60,Elizabeth Crosby,tim25@example.net,East Philipfurt,2023-06-13
61,Ethan Lee,vmoore@example.com,Danielleborough,2021-09-26
62,Jerry Williams,litammy@example.org,Stevenfort,2021-06-29
63,Michelle Fox,shelly80@example.com,Elijahshire,2024-11-02
64,William Allen,lopezdenise@example.org,Maryville,2025-04-04
65,Christian Bass,matthewbuchanan@example.com,Lake Adamside,2022-12-02
66,Katie Mcpherson,mooremichael@example.net,East William,2021-09-24
67,Christine Wade,matthewsandoval@example.net,South Cynthiachester,2022-02-20
68,Derrick Porter,jessica60@example.org,Martinezbury,2025-08-20
69,Cynthia Hall,wthompson@example.com,South Jennifer,2024-06-27
70,Julian Smith,adam95@example.net,Port Mary,2024-06-11
71,Larry Black,tanya56@example.net,Javierborough,2024-02-03
72,Sabrina Wall,jenniferthompson@example.com,East Tammy,2023-12-28
73,Diana Davis,sandra33@example.com,Rogersborough,2024-05-22
74,Kayla Williams,breanna33@example.com,Michaelside,2023-04-28
75,Haley Ramsey,johnsonkaren@example.org,Nathantown,2023-08-23
76,Todd Allen,angela93@example.org,Sabrinaburgh,2024-12-03
77,Carlos Yates,westmelissa@example.com,South Sarahport,2024-04-08
78,Sierra Turner,rjohnson@example.com,East Michaelburgh,2023-08-09
79,Kimberly Ho,llewis@example.org,New Kyleport,2023-10-11
80,Christina Rocha,monicaclarke@example.org,Lake Ryan,2022-10-22
81,Kristin Brown,karen52@example.com,North Susanhaven,2024-06-18
82,Christopher Woods,lewistanya@example.net,Howardstad,2023-12-29
83,Gregory Brown,xharris@example.org,South Brittany,2022-01-26
84,Erica Reese,henrysmith@example.org,Lake Michellemouth,2023-10-10
85,Ariel Ruiz,bleonard@example.org,East Lindaview,2023-12-30
86,Michael Haney,donna79@example.com,South Lisa,2021-03-31
87,Alicia Wright,amybell@example.com,West Wendy,2022-04-28
88,Meghan Brooks,charles22@example.com,East Maureen,2022-03-26
89,Traci Butler,jaredwatkins@example.org,Port Megan,2025-12-23
90,Megan Clark,matthewconley@example.net,Nelsonborough,2021-12-20
91,Dawn Tapia,singhmaxwell@example.com,Willisshire,2024-12-11
92,David Brennan,pcampbell@example.org,Brownbury,2021-11-09
93,Robert Mitchell,ashleyfrye@example.com,North Jessicamouth,2021-07-03
94,Chad Chapman,robertsoncarrie@example.org,Mollyville,2022-10-31
95,Dennis James,brandi20@example.com,New Nicholasborough,2025-06-11
96,Leah Welch,rowestephanie@example.com,Bethanybury,2024-05-23
97,Heather Wilson,rebecca11@example.com,Hicksbury,2024-02-23
98,Gina Flynn,halltimothy@example.com,Singletontown,2025-11-23
99,Jonathan Fox,sara66@example.net,Benjaminside,2023-08-20
100,Patrick Briggs,ysanders@example.org,Franklinton,2021-08-29
101,David Winters,jasonnelson@example.org,West Evan,2024-11-03
102,William Wood,bradfordtroy@example.net,New Lisa,2023-09-14
103,Brittany Lopez,kgraham@example.org,Tonyport,2024-09-05
104,Robert Cooper,rwilliams@example.net,Masonshire,2024-09-18
105,Mr. Carlos Wilson MD,jameschristian@example.org,Richardsshire,2022-01-25
106,Patricia Walters,marissafranklin@example.org,North Elizabeth,2023-12-10
107,Gerald Harris,jeremygray@example.net,New Kevinmouth,2024-01-24
108,Johnny Davis,craig26@example.com,Port Rebecca,2025-09-24
109,Heather Taylor,cathy26@example.com,South Gabrielle,2024-09-20
110,Kristina Whitehead,anitastevens@example.net,Kylemouth,2021-01-20
111,Christopher Mcgee,tracy80@example.net,New Bryan,2021-09-28
112,Samuel Jordan,mirandarowe@example.org,Port Darryl,2024-09-12
113,Ian Fernandez,hansenjennifer@example.com,South Joseph,2021-07-19
114,Joel Ballard,lindaburgess@example.com,South Vincentshire,2024-08-28
115,Donna Tucker,ylopez@example.net,Lake Samantha,2025-02-21
116,Erika Stevens,bushtracy@example.org,Port Davidtown,2021-01-19
117,Andrea Sherman,juliataylor@example.net,East Sarachester,2022-11-25
118,Christina Mendoza,hurleyluis@example.org,West Melissa,2022-11-21
119,David Bird,burkemary@example.com,Andersonmouth,2022-10-06
120,Diana Chandler,vrivera@example.net,Kristinmouth,2024-03-15
121,Nicole Conrad,sguerra@example.org,Kellyfurt,2025-08-15
122,Kaitlyn Young,gsosa@example.net,Edwardmouth,2025-11-02
123,Samantha Phillips,eward@example.net,Daviston,2024-10-21
124,Kimberly Gilmore,xwright@example.net,Lisaburgh,2023-01-31
125,Logan Vasquez,tylerjasmin@example.com,North Heatherville,2023-08-29
126,Dale Harris,pacechelsea@example.org,Rachelchester,2024-09-03
127,George Clark,tferguson@example.org,Sandrachester,2023-02-18
128,Sheila Myers,garciadestiny@example.net,South Sarahshire,2025-06-06
129,Jennifer Prince,xmartinez@example.com,North Jefferyshire,2023-08-01
130,Sarah Brewer,fmitchell@example.com,South Carolyn,2021-10-29
131,Mark Alexander,christopherbrown@example.org,Ryanfurt,2024-09-06
132,Erik Thomas,hking@example.org,Lake Danatown,2023-11-14
133,Daniel Austin,ncampbell@example.org,West Aprilberg,2025-01-23
134,Amanda Steele,aday@example.com,Ryanview,2023-05-15
135,Karina Rogers,cory43@example.org,Bassside,2024-09-18
136,Jacqueline Johnson,luis90@example.com,West Bryan,2025-03-16
137,Teresa Adams,grahamandrea@example.com,Galvanchester,2025-04-23
138,Kevin Allen,leon86@example.com,South Marilynmouth,2021-11-17
139,Robin Rose,ejames@example.com,New Nicholas,2023-06-23
140,Rodney Wilcox DDS,pstewart@example.net,New Joshua,2023-04-10
141,Monica Bell,omitchell@example.com,Lisahaven,2023-09-22
142,Jessica Manning,garrettdebra@example.org,Christinashire,2022-08-03
143,Rebecca Gomez,dgreen@example.com,Lawrenceport,2025-09-06
144,Stacey White,hsweeney@example.net,Lake Jacobtown,2022-10-01
145,Brandon Perry,marilynbryant@example.com,Lake Edward,2021-12-12
146,Alan Lee,tasha03@example.com,Jonesstad,2023-10-05
147,Holly Combs,brianwatts@example.net,Robertshire,2022-10-15
148,Monica Walker,dayallison@example.com,East Timothyview,2024-05-07
149,Tonya Kelley,reyesdavid@example.com,North Derek,2024-06-04
150,April Fox,kbarnes@example.net,West Devinport,2022-03-26
151,Richard Butler,meganstanley@example.com,South Aliciaborough,2022-06-07
152,Kayla Sullivan,charleszamora@example.org,Landryview,2021-12-11
153,Lucas Preston,andrewmiller@example.net,Garyberg,2024-03-06
154,Alec Larsen,emata@example.net,Lauramouth,2025-04-16
155,Sandra Reyes,hannahmiller@example.org,Wilkinston,2023-05-22
156,Julie Chavez,kim39@example.net,East Monique,2024-08-29
157,Christopher Mcfarland,xstewart@example.com,Port Patricia,2025-08-20
158,Lori Blair,washingtondeanna@example.com,Port Lynnville,2021-01-06
159,Jeffrey Luna,hubbardelizabeth@example.com,Dannystad,2024-03-08
160,Jacob Collins,joseph26@example.org,Tonystad,2022-11-04
161,Gregory Choi,greenlacey@example.org,East Michael,2024-05-10
162,Steven Kane,holly50@example.com,Staceytown,2022-12-29
163,William Wright,jason64@example.net,South Heidi,2024-09-13
164,Thomas Price,andrea79@example.org,Lake Jeremiah,2025-04-03
165,Beth Nelson,kelly97@example.net,New Tristanborough,2024-05-10
166,Katherine Allen,younglevi@example.com,North Tinaside,2023-01-26
167,Kimberly Walker,tanyacoleman@example.org,Port Tylerton,2021-01-14
168,Robert Lawrence,simmonsjustin@example.org,Lorihaven,2024-02-16
169,Gordon Bates,halldonald@example.com,Kylestad,2024-04-30
170,Paul Tucker,fmorgan@example.com,Caseyton,2021-05-01
171,William Boyd,ericsmith@example.com,Smithberg,2023-05-07
172,Derrick Cross,uharris@example.org,Timothymouth,2024-08-13
173,Jeffrey Rodgers,saraking@example.org,South Scottborough,2025-04-01
174,Yolanda Winters,terrilewis@example.net,Bethmouth,2023-04-18
175,Alice Moyer,hevans@example.com,Lake Josephport,2021-03-25
176,Mark Simmons,aolson@example.com,North Laurachester,2021-11-29
177,Kenneth Johnson,ctucker@example.org,New Eric,2022-03-12
178,Michelle Torres,joseph25@example.net,North Jasonhaven,2022-11-08
179,Ricardo Combs,reneehumphrey@example.com,Port Michelleville,2022-03-25
180,Jamie Hudson,syoung@example.net,South Scott,2022-11-04
181,Christopher Waller MD,victoriamitchell@example.net,Sarahchester,2025-05-08
182,Adriana Hernandez,joelperez@example.com,Kennethfurt,2024-03-02
183,Carlos Moyer,usalazar@example.com,Boothberg,2024-03-28
184,Douglas Manning,johnmartinez@example.net,Smithhaven,2023-01-21
185,Trevor Hill,mgray@example.org,Bairdtown,2022-08-22
186,Rhonda Mays,padillanatalie@example.org,Barryview,2022-06-20
187,Richard Jones,austinalison@example.net,Riversview,2023-09-04
188,Stephanie Brandt,benjamin87@example.com,Colleenview,2021-05-01
189,Brian Cooper,brownsierra@example.com,South Angelaland,2024-04-06
190,Bethany Anthony,gregory85@example.org,Port Markmouth,2023-10-19
191,Amber Dean,gouldgregory@example.com,Jacksonview,2025-12-28
192,Mark Chambers,xcopeland@example.com,Rogerberg,2025-03-24
193,Frederick Williams,zrodriguez@example.net,Hollyside,2023-03-10
194,Nicholas Jones,michael12@example.org,Harriston,2022-04-12
195,Adam Barber,myersmichael@example.com,Thomasstad,2025-08-08
196,John Hill,kevin81@example.net,Nelsonfurt,2024-04-23
197,April Smith DDS,anthony92@example.net,Lake Krystal,2024-10-11
198,Sandra Williams,woneill@example.net,North Loribury,2025-01-14
199,Whitney Turner,michaelwillis@example.net,Lake Katherine,2021-09-21
200,Joanna Grant,kevin82@example.com,Lake Tiffany,2021-11-29
201,Robert Green,melissawatson@example.org,Anthonyton,2021-03-07
202,Cameron Sanchez,jeffjenkins@example.com,West Christopher,2023-08-20
203,Yolanda Jones,hharrell@example.org,Ruthland,2024-11-29
204,William Burton,wdunn@example.org,South Adamside,2023-06-14
205,Regina Conley,deanna17@example.com,Derekport,2025-05-19
206,Aaron Ball,burnettjermaine@example.com,Biancafort,2023-12-06
207,Jenny Young,carolrhodes@example.com,East Rebecca,2025-12-09
208,Christopher Glover,imiller@example.com,Lake Davidstad,2025-03-06
209,Danielle Smith,tanner52@example.com,Port Mary,2023-11-03
210,Chelsea Summers,judyhancock@example.net,East Joshuahaven,2021-03-03
211,Erica Morales,jacksonjames@example.org,Stephanieberg,2022-04-16
212,Lori Barnes,rjohnson@example.net,Ricebury,2025-04-21
213,John Landry,salastracy@example.org,North David,2023-04-11
214,Kari Walker,sherrymorris@example.org,Josephland,2023-01-01
215,Jennifer Johnson,andrew76@example.com,East Kristabury,2022-06-22
216,Tara Suarez,hhernandez@example.org,West Kristin,2025-06-10
217,Katelyn Spence,staylor@example.com,Mcdonaldstad,2025-11-16
218,Daniel Tyler,timothyshaw@example.com,Dianamouth,2021-05-13
219,Scott Espinoza,bwhite@example.org,Robinville,2024-02-09
220,Alan Graham,carlos72@example.com,Jenniferton,2023-12-30
221,Stephanie Smith,ashleynielsen@example.com,New Douglasville,2023-09-28
222,Natalie Ross,aprilallen@example.org,West Daniel,2025-08-17
223,Rose Taylor,zfarmer@example.net,South Tylerhaven,2025-09-22
224,Kimberly Shannon,robertvang@example.net,Garciahaven,2024-11-30
225,Margaret Gay,thernandez@example.com,East Andrewhaven,2024-03-18
226,Kimberly Thompson,heathdanielle@example.com,South Joshuaburgh,2023-03-02
227,Kevin Moore,lopezmarcia@example.com,Lake Reneeburgh,2024-03-14
228,Andrea Meza,jonesamanda@example.com,Lake Jenniferton,2024-04-20
229,Allen Anderson,lisaanderson@example.org,Gomezport,2022-07-20
230,Charles Campbell,kimkevin@example.org,Pamelafort,2022-10-20
231,Allison Perez MD,andersonblake@example.com,Rhodesburgh,2025-05-15
232,Nicholas Lucas,yvonnegraham@example.org,New Kristophertown,2024-02-25
233,Eugene Obrien,sarah40@example.com,Evansburgh,2023-09-27
234,Mr. Mike Reed,qclark@example.com,Kennethview,2021-12-30
235,James Phillips,wilsonlinda@example.net,Lake Brianside,2025-04-07
236,Jonathan Sanders,carla69@example.org,Johnsonland,2021-10-21
237,Jason Pruitt,torresgerald@example.com,Lake Frank,2024-01-13
238,Michael Barber,keithali@example.org,South Christopher,2024-02-01
239,Erica Christensen,benjaminmoore@example.net,Stephanieside,2021-07-31
240,Cheryl Hensley,wesley27@example.net,East Richard,2025-09-01
241,Timothy Blake,kentdavid@example.com,Shaneville,2024-09-24
242,Jennifer Avila,michelle22@example.net,South Jennifer,2025-01-04
243,Amanda Burke,raymond45@example.org,North Jasonberg,2022-06-21
244,Andrea Fowler,allenjillian@example.org,North Emily,2025-05-02
245,Harold Fisher,mistyreese@example.org,Lake Michellestad,2021-09-27
246,Allison Lynch,richardcarr@example.net,Port Chelsea,2024-12-28
247,Michelle Smith,blankenshippatrick@example.com,Flynnstad,2021-09-03
248,Natalie Cox,angelica46@example.org,Andersonbury,2024-12-15
249,Mary Stevens,susanreese@example.net,New Sandraburgh,2024-02-16
250,Calvin Spencer,travisskinner@example.net,Norrisburgh,2024-07-02
251,Kevin Wells,prattrichard@example.net,Wallchester,2024-12-18
252,Sheila Keller,burnettalexis@example.com,Johnmouth,2024-10-18
253,Brandon Cannon,boyerlisa@example.net,Greenton,2024-11-10
254,Melissa Lawson,nicolemartin@example.org,Port Danielburgh,2024-02-19
255,William Bowman,johnross@example.com,West Kristinstad,2022-12-23
256,Samuel Cook,ysingleton@example.com,Toddmouth,2022-07-19
257,Benjamin Paul,william01@example.net,Melanieland,2024-03-12
258,David Cain,johnnystanley@example.com,Jensenhaven,2023-04-24
259,Nathan Bush,tom10@example.org,East Jesse,2024-04-26
260,Debra Frazier,susanjackson@example.com,Michaelfort,2025-04-15
261,Jeffery Cole,mhernandez@example.net,Brianside,2025-08-01
262,Laura Lynch,hlester@example.org,Delgadoshire,2025-02-05
263,Dustin Myers,wilsonjohn@example.com,Marcusfurt,2025-02-07
264,Johnny Moore,rachel64@example.org,Sandersberg,2021-04-18
265,John Bush,xnelson@example.org,Michaelmouth,2021-05-29
266,Amber Williams,nataliesoto@example.org,Port Kristinport,2022-07-21
267,Mitchell Mitchell,william26@example.net,Lake Kendrahaven,2022-09-28
268,Margaret Ward,donna94@example.org,East Valerieshire,2024-01-20
269,Kathleen Gonzalez,lburton@example.net,Andrewberg,2022-09-18
270,Christian Hill,jamespatterson@example.com,Lewisshire,2024-12-22
271,Deborah Miller,omoore@example.com,Lake Caseyport,2022-10-14
272,Maria Ponce,sandraunderwood@example.org,East Kristopherside,2024-04-07
273,Jason James,courtney11@example.com,Toniton,2023-09-09
274,Shirley Fox,anthony64@example.net,West Rachel,2025-03-19
275,John Robinson,rebecca95@example.net,East Kathleenton,2024-08-30
276,Sarah Allen,maysara@example.org,Amymouth,2024-03-13
277,Marie Mckinney,andersoncynthia@example.com,Hodgesmouth,2021-04-22
278,Rebecca Graves,austin63@example.org,North Roger,2025-09-06
279,Valerie Cruz,charles65@example.com,North Jerryville,2024-06-07
280,Phillip Gonzalez,martinezchristopher@example.com,Milesside,2023-01-22
281,Audrey Diaz,williamphillips@example.org,Trevorhaven,2025-08-15
282,David Stephens,tjacobs@example.org,Kathyville,2023-02-03
283,Courtney Blackburn,ajackson@example.net,New Bretttown,2025-01-04
284,Megan Davila,mburns@example.org,Whitechester,2024-04-19
285,Dr. Ricky Weeks MD,crystal16@example.org,Alicialand,2024-06-22
286,Kevin Delgado,jason00@example.org,Johnsonhaven,2021-02-18
287,Jane Mason,xjames@example.org,New Dylan,2021-12-15
288,Robert Diaz,wallaceeric@example.com,Port Michael,2025-05-28
289,Rose Hernandez,reedchristine@example.org,East Isaiah,2024-07-10
290,Derrick Camacho,vrogers@example.com,South Carl,2022-09-18
291,Steven Molina,nmartin@example.org,Port Valeriestad,2022-01-26
292,Katherine Henderson,heathereaton@example.org,Lake Cherylview,2025-10-05
293,Jennifer Lamb,natasha28@example.net,Davistown,2021-11-05
294,James Scott,combselizabeth@example.com,South Tammy,2021-04-13
295,Mark Durham,wellison@example.com,Gregorytown,2022-02-04
296,Julia Johnson,maxjones@example.net,Katherinechester,2025-10-05
297,Matthew Salazar,josebuchanan@example.net,Robertstad,2025-05-08
298,Heather Weaver,christopherhughes@example.net,Port Megan,2022-03-26
299,Latasha Sullivan,walkermitchell@example.org,Holmesside,2024-12-03
300,Donald Brown,phillipschristina@example.com,Weissville,2021-01-31
301,Debra Jones,zacharyberg@example.com,Santiagoberg,2022-04-30
302,Shane Brady,brownsamantha@example.com,Lake Kevin,2022-11-26
303,Joshua Higgins,armstronganthony@example.com,Mariahaven,2024-01-02
304,Karen Thomas,pagejennifer@example.net,New Duanemouth,2022-05-06
305,Melinda Rodriguez,kevinmontgomery@example.org,Deborahville,2024-01-03
306,David Faulkner,jenkinswillie@example.net,Lake Mary,2025-01-10
307,Dean Parker,rachelguerra@example.net,South Aaron,2022-04-16
308,Darrell Gibbs,elizabethjohnson@example.com,Lake Sabrinaberg,2024-03-22
309,John Graham,pkane@example.net,Port Justin,2023-04-11
310,Jennifer Jones,ralph66@example.org,Port Tylerfurt,2023-07-17
311,Michael Oneill,torresjerry@example.com,South Alanmouth,2023-08-15
312,Tammy Campbell,christinetaylor@example.org,South Nancytown,2022-04-30
313,Thomas Roman,rgrant@example.net,Hunterfurt,2021-02-12
314,Cynthia Sutton,chendricks@example.net,Lake Sarastad,2022-06-18
315,Carrie Craig,dominique95@example.net,Kingside,2021-04-15
316,Victor Riley,howardreyes@example.org,Nguyenborough,2025-02-19
317,Rebecca Pitts,tgeorge@example.org,Codyborough,2023-02-20
318,Frank Clark,andrew17@example.net,West Phillip,2025-03-11
319,Jonathan Richardson,tholt@example.net,Lefurt,2024-08-17
320,Tina Diaz,pdoyle@example.com,Ryanshire,2025-11-29
321,Jennifer Wall,gomezeric@example.com,Jameschester,2023-09-03
322,Nancy Rodriguez,richard95@example.com,Cruzton,2023-04-04
323,Lori Guzman,hallvicki@example.com,Watkinsshire,2023-02-24
324,Donald Arnold,ashley28@example.net,Port Joseph,2025-02-10
325,Angela Thompson,ghunter@example.net,South Chelsea,2023-10-10
326,Richard Bishop,dillondebbie@example.net,Rickystad,2022-04-09
327,Richard Stewart,cynthiaturner@example.org,East Michael,2025-08-21
328,James Hodge,owensshelly@example.net,Longchester,2022-05-28
329,Christopher Chaney,pcarter@example.net,Martinezberg,2021-04-20
330,Christopher Mcdonald,underwoodlisa@example.com,Welchport,2022-09-28
331,Charles Rodriguez,kathleenhumphrey@example.net,Fitzgeraldtown,2022-01-31
332,Robert Pacheco,riveravincent@example.org,North Jameston,2024-10-24
333,Cameron Williams,amanda06@example.com,South Tylermouth,2022-06-03
334,Shannon King,laura31@example.org,Liumouth,2024-03-17
335,Rebecca Torres,kchapman@example.com,New Michaelmouth,2025-03-30
336,Jennifer Reilly,jasonwilliams@example.net,Lake Stacy,2021-06-11
337,Tamara Holland,brittanyrodriguez@example.com,Katieview,2023-12-10
338,Maria Cook MD,agross@example.com,Port Kimberlytown,2023-09-16
339,Lisa Esparza,kwells@example.com,East Cathy,2023-09-17
340,Sarah Fields,mkelley@example.org,Port Andrewton,2022-08-07
341,Lori Green,treyes@example.com,Lake Kimberlyhaven,2021-04-11
342,Richard Griffin,cthompson@example.com,Beckerton,2021-12-29
343,Crystal Petersen,kwalker@example.com,North Adam,2024-10-15
344,Melissa Conway,michele69@example.org,New Leeburgh,2024-10-04
345,Ricky Hatfield,hannah49@example.net,Randallside,2021-05-31
346,Marc Ewing,rporter@example.org,Washingtonstad,2021-09-08
347,Ryan Pollard,nathan74@example.org,Samuelport,2021-02-26
348,Timothy Mccormick,lucasarellano@example.org,Port Davidstad,2021-06-19
349,Thomas Mann,joshuarodriguez@example.org,Lisaton,2024-05-24
350,Sean Brewer MD,tvasquez@example.net,South Stephen,2022-12-27
351,Madeline Jones,caleb22@example.org,New Joshuafort,2021-01-31
352,Shannon Curry,richardedwards@example.com,Lake Johnmouth,2022-06-29
353,Angela Williams,billy22@example.net,East Bruce,2023-12-16
354,Joseph Kelly,cory00@example.org,New Erin,2022-12-01
355,Deborah Green,lisa74@example.com,North Mauriceburgh,2023-02-21
356,April Trevino,greg43@example.org,Patrickfort,2025-08-26
357,Michael Green,dwood@example.org,Khanbury,2022-01-27
358,Larry Frank,mnelson@example.net,Jamieburgh,2024-03-28
359,Tammy Turner,ochaney@example.org,Christopherberg,2024-12-09
360,Devon Cisneros,mary78@example.net,New Katietown,2021-07-10
361,Samantha Garcia,robertfrey@example.com,Spearschester,2021-08-19
362,Shannon Everett,annettegray@example.com,East Kimberly,2021-10-04
363,Kent Harrison,jonesvictoria@example.net,South Samuel,2023-07-23
364,Theresa Deleon,petersmelinda@example.com,Jacobsside,2025-12-08
365,Christina Frank,rgardner@example.org,Morseville,2023-01-10
366,Jose Davis,djones@example.org,West Dannyside,2024-01-16
367,Sean Rios,andradeteresa@example.org,Lake Andrew,2023-08-12
368,James Lloyd,taylortracy@example.net,Collinchester,2024-04-21
369,Dale Mccarthy,nicolechavez@example.com,Lake Ginaview,2025-01-24
370,Brandon Peterson,mataallison@example.net,East Karenfort,2021-08-16
371,Mrs. Taylor Gilbert,kevin77@example.com,Lake Micheleberg,2021-09-10
372,James Wall,cookbrent@example.org,Russellton,2024-08-14
373,Kirsten Huynh,carrwayne@example.com,New Jeffrey,2021-09-28
374,Gerald Garcia,stephanierivera@example.org,Juliehaven,2022-02-06
375,Dylan Hall,jmadden@example.net,Cortezland,2025-07-28
376,Lawrence Lewis,smithkenneth@example.net,Michaelview,2023-05-19
377,John Harris,millerdebra@example.net,Port Danielmouth,2023-04-26
378,Patricia Kelly,ralphcoffey@example.com,Jamesburgh,2021-09-11
379,Jacqueline Glass,owensaaron@example.net,Nixonside,2023-09-27
380,Cheryl Taylor,vtodd@example.net,Josephburgh,2023-11-05
381,Joshua Byrd,mckinneymatthew@example.net,Samanthamouth,2024-11-16
382,Jason Mcbride MD,evansrachel@example.net,Tuckerland,2025-10-07
383,Christopher Brown,bfrank@example.net,Wilkinsville,2023-10-28
384,Hector Webb,christopher39@example.com,Larryshire,2024-07-06
385,Michael Schultz,brian83@example.net,Emilyside,2021-06-30
386,Tyler Williams,carolyn24@example.org,Andreaport,2023-05-07
387,Nicole Rose,robertrussell@example.com,Mcintoshberg,2025-06-16
388,Lisa Moore,colemandesiree@example.org,Gonzalezville,2023-08-14
389,Keith Smith,tdavis@example.net,Hendersonview,2022-07-28
390,April Perez,mvargas@example.net,Webbshire,2025-06-07
391,Anthony Duncan,walkerchristopher@example.org,Vincentfurt,2021-05-01
392,Michael Campbell,michelledecker@example.org,Patrickburgh,2024-10-07
393,Angela Baker,latoyawalker@example.org,Lake Victoria,2022-11-30
394,Elizabeth Owen,darren32@example.org,South Kathy,2021-05-04
395,Alex Fowler,gsanchez@example.org,North Tiffanymouth,2022-12-03
396,Elizabeth Santana,tanyamyers@example.org,East Annettestad,2021-05-08
397,David Thomas,kelsey87@example.net,New Nathantown,2023-01-01
398,Bridget Sanchez,belljennifer@example.org,Larsonton,2022-12-03
399,Brandon Perez,lori86@example.org,New Andrewmouth,2022-08-20
400,Daniel Ward,nicholas52@example.org,Ellisfurt,2023-09-05
401,Jeffrey Kennedy,donaldsonerica@example.org,Lake Scott,2021-10-14
402,Michael Decker,lisabates@example.org,Dawsonshire,2021-07-21
403,Candice Stafford,deanjeffrey@example.net,Shawnside,2023-07-13
404,Cindy Butler,christopherdavidson@example.net,East Daniellemouth,2025-05-12
405,Troy Nguyen,john03@example.net,Lake Aimeeberg,2024-01-06
406,Molly Everett,mary64@example.com,Torresbury,2024-04-04
407,Tanner Martinez,oryan@example.net,South Brianna,2022-01-27
408,Michael Smith,castrodonna@example.net,New Ambershire,2025-05-02
409,Michael Gomez,donnafranklin@example.org,Davidmouth,2022-06-08
410,Samuel Mccoy,susansalinas@example.org,Haydentown,2021-04-20
411,Alexandra Stevens,jthompson@example.org,Port Kelly,2022-11-01
412,Margaret Bryant,jenningscollin@example.com,North Clifford,2023-06-25
413,Connor Webb,dmosley@example.com,Moniqueland,2022-06-30
414,Jennifer Woods,karenramirez@example.net,Aguilarberg,2024-06-26
415,Diane Burgess,brittanyoconnell@example.net,New Jeremyton,2023-06-18
416,Justin Perez,brandon35@example.org,Port Kimberlyport,2021-12-14
417,Yolanda Henry,whitegerald@example.net,Robinsonmouth,2025-12-16
418,Ruth Costa,dennis25@example.com,Schaeferfurt,2021-04-17
419,Eric Wade,lvillarreal@example.org,West Stephanieshire,2023-07-05
420,Catherine Duncan,brownroberta@example.org,Scottmouth,2022-03-29
421,Kimberly Bridges,ireynolds@example.org,North Brenda,2024-02-25
422,Kenneth Horne,cflores@example.net,Leemouth,2023-11-26
423,Ronnie Brown,cestes@example.org,Reeveston,2025-01-21
424,Catherine Ochoa,william58@example.org,Loriton,2022-05-22
425,Miranda Todd,duranjeffrey@example.com,Port Lindsay,2024-02-25
426,David Baker,holtpatrick@example.org,Port Toniland,2021-07-04
427,Casey Davidson,colleenjensen@example.org,North Lucas,2023-08-25
428,William Dickerson,sherri24@example.net,South Barbara,2025-11-28
429,Kimberly Armstrong,rwagner@example.net,South Katherineland,2022-07-18
430,Elizabeth Hernandez,sheltonlouis@example.com,Suttonshire,2023-01-24
431,Elizabeth Miller,jameshenderson@example.org,Nicholsonton,2023-11-15
432,Christopher Gibson,margaret56@example.net,Lake Maryside,2021-08-21
433,Benjamin Yu,phughes@example.org,Hunterside,2025-12-15
434,Mason Wallace,ywood@example.com,Port Justinshire,2024-08-31
435,Richard Harris,richardhoward@example.com,Dennisview,2021-02-04
436,Stephanie Mitchell,michelle72@example.com,Garciatown,2024-06-23
437,Mary Rhodes,alexandria80@example.net,Lake Kristinport,2023-06-20
438,Gabriel Johnson,brian35@example.org,Calebfurt,2023-06-09
439,Ashley Gates,ihopkins@example.net,North Nathanielville,2023-01-25
440,Maria Newton,jerryjennings@example.org,New Alexhaven,2022-09-29
441,Dr. Paul Greene,owilkinson@example.org,Brandifurt,2023-11-14
442,Joanne Ibarra,eclarke@example.com,North Erica,2025-07-19
443,Jessica Clark,carlsonpatricia@example.com,South Juliefort,2021-01-20
444,Rhonda Miller,olsenbradley@example.net,Kevinland,2021-11-27
445,Amanda Ward,wilcoxgregory@example.com,Edwardborough,2021-10-18
446,Stephen Garcia,mreed@example.org,Danielfurt,2025-10-08
447,David Montgomery,samantha80@example.com,New David,2024-09-25
448,Debra Willis,matthewpollard@example.org,South Jacobfurt,2024-03-30
449,Anthony Melton,guzmanshane@example.net,New Joseph,2021-02-13
450,Scott Bailey,danielbowen@example.com,Port John,2023-07-15
451,Christina Wood,phammichelle@example.net,Natashaberg,2024-07-26
452,Samuel Watson,cookpatrick@example.org,Port Chrismouth,2022-07-27
453,Jacqueline Lee,davidgriffin@example.net,North Jamesfort,2021-08-05
454,Kelly Harmon,agonzalez@example.org,New Carlastad,2023-12-28
455,Laura Browning,bgoodwin@example.com,East Caroline,2025-05-16
456,Bradley Rice,vdiaz@example.com,Gregorychester,2023-06-25
457,Tyler Perez,jake35@example.net,South Alicia,2021-09-27
458,Megan Fox,crossmaria@example.com,Parrishberg,2024-07-29
459,Heather Kane,yperez@example.org,Port Michelle,2025-11-15
460,Diane Wagner,jonescolleen@example.com,Teresamouth,2025-10-06
461,Kim Baker,bwest@example.org,Kleinbury,2023-07-15
462,Katherine Acosta,vrichardson@example.net,Lake Marissa,2021-04-06
463,Sara Petersen,tony49@example.com,Charlesfort,2022-05-17
464,Donald Edwards,hholland@example.com,South Davidtown,2023-02-18
465,Carla Jones,jennifervaughan@example.com,West Christopher,2025-01-08
466,Michael Bauer,zpeterson@example.org,North Heather,2025-06-03
467,Kevin Morrison,hbrock@example.org,Lake Danielside,2023-03-26
468,Curtis Thompson,carrbarbara@example.org,Calebchester,2021-05-16
469,Terry Kelly,christopher56@example.net,South Andrewview,2021-03-03
470,Mr. Ryan Farrell,parrishcharlene@example.net,Valentinefort,2025-12-31
471,Elizabeth Hill,wellsandrew@example.net,Port Emily,2025-01-23
472,Zachary Macdonald,ofreeman@example.net,West Leon,2024-08-23
473,Brooke York MD,nicole91@example.org,Port Michael,2023-10-18
474,Charlene Mahoney,michelle94@example.com,South Emilyhaven,2024-01-05
475,Christina Powell,charles16@example.net,Martinezbury,2021-09-29
476,John Lopez,walterschneider@example.org,Guzmanstad,2021-05-25
477,Blake Williams,crystalpatterson@example.org,Mendozaberg,2023-03-08
478,Edward Green,tdavila@example.org,Port Angelchester,2023-04-27
479,Emily Sanchez,hilltyler@example.org,West Lindaburgh,2024-06-09
480,Carl Wilkins,kmiller@example.com,North Diana,2021-06-02
481,Darrell Mcgee,ymunoz@example.org,Lake Vickiburgh,2025-09-06
482,Kevin Graham,thompsonbryan@example.org,Lake Steven,2021-11-25
483,Sean Rich DVM,price@example.com,Lake Brendafort,2025-05-16
484,Christine Rocha,natalie61@example.org,South Rebeccaview,2023-02-25
485,Jeff Davis,michealriley@example.org,Banksfort,2024-07-08
486,Jimmy Coleman,williamssusan@example.org,Rioshaven,2025-07-09
487,Bryan Norris,olivia43@example.net,West Jenniferhaven,2025-09-02
488,Ryan Gonzalez,scottjones@example.net,Lopezville,2024-07-07
489,Reginald Drake,porterjoshua@example.com,Johnnymouth,2024-10-09
490,Jonathan Harris,katherinehughes@example.com,Myersshire,2024-12-04
491,John Bray,julie42@example.org,Allenberg,2025-09-29
492,Christopher Santos,pattersonmichael@example.net,Lake Colin,2021-07-12
493,Leah Woodard,adamsdaniel@example.net,Brownfort,2024-09-12
494,Christopher Reilly,david33@example.net,Danielside,2022-10-13
495,Eric Fischer,martinezlynn@example.com,East Anthony,2022-12-26
496,Jason Watkins,frobinson@example.org,Port Terry,2024-07-05
497,James King,vargasaaron@example.org,Michelleburgh,2021-02-08
498,Elizabeth Thomas,brennanrobert@example.net,West Michellemouth,2021-05-05
499,Joshua Robertson,tateanthony@example.com,West Thomasville,2022-08-09
500,John Guzman,mweber@example.net,East Michellemouth,2024-02-01
501,Adam White,torresdarren@example.org,East Peter,2025-10-28
502,James Erickson,sonya88@example.net,Robertside,2024-07-23
503,Bianca Vasquez,anabaker@example.net,Contreraschester,2024-03-04
504,Mr. Christopher Smith,vanessa80@example.org,North Anthonystad,2021-09-25
505,Gabrielle Francis,taylorjohn@example.org,South Jason,2021-05-06
506,Andrew Sanford,glee@example.net,Edwardsmouth,2023-07-23
507,Zachary Perry,jennifer24@example.com,Port Jacobchester,2022-09-21
508,Karina Ali,matthewsmith@example.com,Lake Eddieburgh,2025-07-20
509,Cynthia Richardson,pricerebecca@example.com,Jeffreyburgh,2023-01-18
510,Tammy Diaz,zschroeder@example.org,Port Krista,2022-02-10
511,Benjamin Rogers,crystalwhite@example.org,Leebury,2021-01-08
512,Sarah Scott,thomaskristen@example.org,North Megan,2024-02-17
513,Wendy Cain,dgomez@example.net,Crystalville,2024-04-06
514,Mark Cook,cooleymadeline@example.net,Rileyview,2023-02-02
515,Regina Harmon,staylor@example.net,South Daniel,2025-07-26
516,Gregory Powell Jr.,gabrielle22@example.org,South Ryantown,2023-08-31
517,Timothy Harper,owensrobert@example.com,Port Carrie,2025-08-01
518,Angela Stein,brianmorales@example.org,Duncanchester,2021-01-13
519,Renee Downs,martharogers@example.org,New Christian,2021-08-15
520,Brett Lopez,omarorr@example.net,South Kevin,2024-03-23
521,Theresa Wright,haydenbrandon@example.org,East Calvin,2025-01-01
522,Rebecca Flores,icooper@example.net,South Michaelfort,2024-08-16
523,Michael Evans,dunnrobert@example.net,New Robertville,2023-05-12
524,Brian Powers,schmidtbethany@example.net,West Zachary,2022-07-08
525,Alicia Stanley,poncetravis@example.net,Dianebury,2025-12-08
526,Vincent Daniels MD,stewartcarolyn@example.com,Garciaville,2022-02-08
527,Jillian Zimmerman,jodysimmons@example.net,South Sarah,2025-07-21
528,Elizabeth Spencer,mitchellrachel@example.net,New Keithfort,2024-04-01
529,Daniel Garcia,amysmith@example.com,West Anthonyside,2023-04-24
530,Heather Roberts,jonesrobert@example.com,Lake Melissa,2024-01-04
531,Marc Hamilton,rosalescody@example.org,Lake Allison,2024-08-30
532,Dennis Delgado,robinsonkelsey@example.org,East Ericland,2025-06-18
533,Jeremy Schultz,sharris@example.org,South Scottland,2024-02-20
534,Kyle Roth,cynthia82@example.com,Julieside,2021-07-18
535,Jason Burton,grantrichard@example.net,Lake Laura,2024-05-09
536,David Bailey,kennethheath@example.org,Juarezhaven,2023-05-29
537,Tabitha Hoffman,michaeldavis@example.com,Luisside,2024-10-30
538,Lisa Martinez,thomas51@example.org,Diamondhaven,2021-06-19
539,Kristen Blanchard,sheilajennings@example.org,Port Deborah,2022-11-28
540,Christopher Barrett,cfitzgerald@example.net,Jamesside,2025-12-17
541,Patricia Serrano,alexander39@example.org,Aprilfort,2024-09-05
542,Sarah Booker,tammylopez@example.com,Harrisonport,2023-08-30
543,John Johnson,tammyjones@example.com,Theresaport,2025-05-25
544,Mary Reynolds,seth11@example.org,Yateston,2023-10-27
545,Jennifer Moody,tonya79@example.com,Davischester,2023-06-20
546,Julie Landry,davisjames@example.org,Fosterstad,2024-10-05
547,Angela Johns,spearserin@example.org,Nicholasstad,2021-02-01
548,Martha Flores,parkjames@example.org,Rodriguezland,2023-05-10
549,Richard Lewis,charles33@example.com,Port Wendy,2023-02-18
550,Miguel Ellison,rchung@example.org,Markside,2022-12-27
551,Mr. Justin Houston,cking@example.net,Sharonside,2021-02-17
552,Wayne Blair,ahernandez@example.net,South Margaret,2025-08-02
553,Alicia Lee,gmayer@example.net,Lake Annmouth,2021-05-31
554,Robert Banks,gonzalezjonathan@example.org,North Mark,2023-11-15
555,Cesar Maxwell,veronica51@example.net,South Danielview,2022-08-25
556,Tara Reeves,ashleyflores@example.org,Anthonyberg,2022-02-16
557,Nathan Kemp,jjohnson@example.org,Margaretmouth,2025-12-16
558,John Ortiz,mary20@example.org,Andrewside,2025-06-19
559,Bruce Schmidt,jacksonlauren@example.com,East Melissa,2024-05-27
560,Ashley Williams,ericruiz@example.org,North Anna,2022-07-31
561,Kristi Donovan,jacksonmark@example.net,North Allenview,2024-10-19
562,Kimberly Johns,jennifer79@example.com,Alanshire,2021-06-30
563,Briana Gonzalez,meghan01@example.net,Richardborough,2021-11-18
564,Allison Harris,lauradyer@example.net,Port Elizabethton,2024-08-01
565,Tamara Richardson,sherrinorris@example.com,Jamesmouth,2021-11-30
566,Marvin Guzman,belltodd@example.com,Jimview,2022-09-16
567,Timothy Wilson,gnelson@example.com,Smithview,2024-10-19
568,David Strong Jr.,hensonrobert@example.net,Lake Maryton,2022-08-09
569,Claudia Davila,whitemelissa@example.net,East Williammouth,2025-03-09
570,Douglas Foster,doris74@example.org,Martinville,2021-04-23
571,Anthony Clark,moralesmichael@example.org,Patelfort,2021-12-01
572,Kathleen Barrett,thomas20@example.net,East Alexandrastad,2024-06-16
573,Dennis Zimmerman,kristine99@example.com,Robertmouth,2025-10-13
574,Grant Lewis,robinsonrichard@example.net,South Tamara,2023-03-31
575,Brad Donaldson MD,joydavidson@example.org,Port Aliciaview,2025-11-04
576,Michele Johnson,melissa44@example.com,Susanland,2023-12-21
577,Troy Martinez,idean@example.net,Morganside,2022-04-30
578,Julie Morris,youngmichelle@example.net,Port Cody,2024-01-12
579,Shari Mayo,oarmstrong@example.net,Lake Sarafort,2024-11-08
580,Brett Horton,mileskelly@example.org,Rogersfort,2024-01-27
581,John Schwartz,michelle82@example.org,South Jeffrey,2023-03-27
582,Melody Williams,kimberlysantos@example.com,Port Jasonfort,2021-09-01
583,Stephen Myers,navarromary@example.com,Chelseaville,2021-08-02
584,Michaela Lowe,margaret22@example.org,Smithland,2021-06-04
585,Scott Thomas,lawrencewalker@example.org,South Thomaschester,2025-10-23
586,Cynthia Nguyen,jasminebrandt@example.org,Josephstad,2024-04-23
587,Roberto Barnes,qdavis@example.org,Karinaside,2024-03-10
588,George Clark,daniel81@example.org,Andreahaven,2023-11-16
589,Megan Moore,gregory21@example.net,Hallville,2022-02-27
590,Edward Stewart,james92@example.com,Vasquezshire,2022-11-02
591,Mr. Andrew Booker,ocantu@example.net,Lake Johntown,2025-08-01
592,Tina Rose,justin33@example.net,Glendaland,2023-02-01
593,Natasha Taylor,henryjulie@example.org,Justinstad,2024-04-09
594,Lindsey Miller,andrew61@example.net,East Jennifertown,2021-09-22
595,Steven Gonzales,martinvanessa@example.org,Lake Williambury,2023-06-29
596,Sandra Guzman,stevencraig@example.com,West Triciaberg,2023-07-06
597,Thomas Kidd,williamgreen@example.net,Port Brittany,2021-10-16
598,Madison Short,timothymeadows@example.org,Rogersmouth,2025-03-28
599,Selena Rosales,dominique63@example.net,Aliciaburgh,2022-07-12
600,Danielle Waters,brandi46@example.org,Tinabury,2024-05-18
601,Jasmine Bryant,ashley68@example.com,Karenbury,2023-10-30
602,James Stafford,rosechristina@example.net,Snyderfurt,2024-03-05
603,Emily Mays,reginaldbranch@example.org,Deborahmouth,2024-12-08
604,Travis Humphrey,robert38@example.net,Allisonberg,2024-05-28
605,Justin Gutierrez,eellison@example.com,Courtneyland,2021-11-27
606,Derrick Hale,matthewbrown@example.com,New Angela,2024-07-24
607,Antonio Harris,marshalldana@example.net,Joannafurt,2025-06-26
608,Nicole Anderson,tjackson@example.com,Debrahaven,2024-10-08
609,Gregory Willis,bryantkyle@example.net,Lake Brianbury,2022-01-11
610,Ryan Jackson,christopher02@example.com,Port Williamside,2022-12-19
611,Michael Mann,shawn22@example.com,Codymouth,2022-10-24
612,Michael Cross,aguilarsteven@example.net,New Anthonyfort,2021-01-14
613,Caleb Sanchez,sarah04@example.org,Mcgeemouth,2024-11-10
614,Jordan Carroll,simontyler@example.org,Seanfort,2024-06-11
615,Michael Contreras,davidclark@example.com,North Laurie,2022-05-20
616,Victoria Wilson,rachel68@example.org,Martinezport,2022-06-17
617,Elizabeth Gonzales,armstrongstacey@example.com,South Sharon,2021-04-19
618,Christopher Hudson,thomaswatson@example.net,Lake Derrickfort,2021-11-13
619,Stephanie Aguilar,qmartinez@example.org,Coxland,2021-01-28
620,Cynthia Anderson,dawsoncarrie@example.com,North Christianshire,2021-05-16
621,Kelsey Wells,dominguezjose@example.net,West Ian,2021-02-03
622,Jesus Boyd,courtney12@example.net,Port Tyler,2025-06-02
623,Richard Jordan,gmartin@example.org,Tonyburgh,2021-08-06
624,Jeffrey Miller,johnevans@example.com,East Kristinatown,2021-02-28
625,Samuel Le,freemanpeter@example.org,Ashleeborough,2022-07-15
626,Sarah Ford,tammie78@example.net,Luketon,2025-11-26
627,Andrew Thomas,kmurphy@example.com,Port Jennifer,2023-10-24
628,Ricky Mack,mtanner@example.com,West Kennethchester,2025-06-02
629,Natalie Richmond,jason20@example.com,Scotthaven,2023-07-27
630,Lauren Hill,qcooper@example.net,North Stephanie,2024-09-08
631,Phillip Warren,gdaniels@example.org,West Patricia,2022-05-21
632,Charlotte Simpson,awilliams@example.org,Gillespieberg,2023-02-25
633,Lori Barker,ychavez@example.org,Michaelfort,2023-11-06
634,Tabitha Hughes,garciagary@example.org,Elliottborough,2021-08-30
635,Adam Mcpherson,jessica19@example.org,North Sarah,2024-04-12
636,Adam Miller,katherine91@example.net,South Vanessachester,2025-05-26
637,Jackie Morse,jill93@example.com,New Christina,2022-02-18
638,Yesenia Roberts,joshua91@example.org,East Kimberly,2024-01-14
639,John Dixon,ucoleman@example.net,East Donaldton,2023-11-18
640,Teresa Riley,amy40@example.net,Alvaradoside,2023-07-29
641,Carrie Matthews,cturner@example.com,West Carolfort,2023-07-11
642,Nicole Wilson,lamkelly@example.net,Taylorfort,2023-08-08
643,Elizabeth Smith,amyperez@example.com,West Normahaven,2025-11-17
644,Jordan Barajas,jamiemeza@example.com,Murphystad,2021-03-15
645,Sherry Cannon,stevenbernard@example.com,North Virginia,2024-02-27
646,Natasha Jones,justin19@example.com,Port Sean,2024-11-11
647,Amber Chung,kevin90@example.net,South Elizabeth,2023-12-13
648,Miss Breanna Bryant,ybell@example.com,Amyburgh,2025-08-25
649,Patty Bush,psmith@example.com,Toddbury,2022-05-23
650,Cody Torres,cynthia31@example.org,Tiffanyhaven,2023-07-08
651,Kevin Bass,sarahjones@example.org,East Erin,2025-05-31
652,Randy Bright,christopher10@example.net,Jamieville,2021-05-29
653,Kathryn Whitney,millermichelle@example.com,Alvarezview,2024-04-17
654,Emily Johns,jeanette72@example.org,Williamsview,2022-10-04
655,Alex Barnett,jphillips@example.org,East Richardburgh,2021-10-12
656,Cynthia Boyle,alicia11@example.org,West Matthewshire,2025-09-06
657,Angela Vega,morrisonrobert@example.com,North Miguel,2021-11-25
658,Tyler Clark,lisa11@example.com,Adamsland,2023-03-12
659,Steven Parker,joshua76@example.org,West Allen,2022-05-21
660,Kimberly Brown,daviskristen@example.com,Powellton,2025-12-31
661,Ashley Payne,morganreed@example.net,Joanton,2025-11-05
662,Andrew Harris,chudson@example.net,Melissaport,2023-02-17
663,Nancy Kim DVM,herreranathan@example.com,Reidside,2023-06-16
664,Thomas Bishop,hlong@example.com,Port Ericberg,2022-02-04
665,Kyle Benton,wolfjonathan@example.net,Lake Patrickbury,2023-11-19
666,Sharon Nelson,cynthia03@example.org,Carterton,2025-05-26
667,Timothy Reeves,wadeelizabeth@example.com,North Matthewstad,2022-08-13
668,Caleb Warner,gjohnston@example.net,West Sheila,2022-12-31
669,Dr. Kristen Becker,jordancourtney@example.org,Cindyshire,2023-10-29
670,Calvin Chase,nataliebowman@example.org,Haasland,2023-08-17
671,Brooke Smith,jennifer95@example.com,Hunterfurt,2025-01-20
672,William Carr,stacey10@example.org,West Victor,2021-08-05
673,William Williams,michelephillips@example.net,North Mollytown,2021-08-10
674,Hailey Little,joe59@example.net,Port Susanmouth,2024-11-16
675,Jeremy Marsh,danielscraig@example.net,Jenniferside,2023-08-06
676,Blake Martin,jeremiah73@example.net,Schroedertown,2022-01-23
677,Melissa Leach,wrice@example.org,Josechester,2025-02-24
678,Mrs. Lauren Nguyen,johnsonjessica@example.net,Leeview,2024-03-29
679,Dennis Goodwin,stevensjasmine@example.org,Ramirezhaven,2021-11-23
680,Andre Bailey DDS,nellis@example.com,Port Joseph,2025-09-07
681,Joshua Summers,markpowell@example.net,South Anna,2024-01-30
682,Brittany Mcfarland,john93@example.com,New Sherry,2022-08-11
683,Brenda Kelly,smithjamie@example.org,Lake David,2024-10-06
684,Lisa Gonzalez,gregory25@example.com,Jordanburgh,2021-07-25
685,Hailey Turner,kenneth23@example.com,Danielton,2025-07-02
686,Richard Mitchell,angela74@example.net,Laurachester,2022-03-03
687,Ashley Wright,robertblack@example.org,Kennethside,2022-11-04
688,Keith Long,robert34@example.com,Jamieshire,2022-09-16
689,Traci Bishop,dustinmoore@example.net,North Aprilburgh,2024-08-28
690,Mrs. Kimberly Swanson,samanthahall@example.com,Ashleyport,2024-09-15
691,Ann Moore,samuelsandoval@example.com,East Kim,2022-10-02
692,Crystal White,andrew15@example.net,Monicaburgh,2024-05-24
693,John Melendez,warrenandrea@example.com,Stephaniebury,2024-11-27
694,Kim Long,thompsonjeremiah@example.org,Lake Jacquelineton,2024-10-07
695,Stacy Boyd,sandragibson@example.com,Port Vickieburgh,2021-11-09
696,Ronald Pham,robertmay@example.net,North Ashleymouth,2022-01-25
697,Nicholas Norman,jason06@example.com,Humphreyfort,2022-11-07
698,Jill Morgan,respinoza@example.org,Port Francis,2023-07-27
699,Maria Burnett,jonesjeremy@example.net,East Gregoryshire,2022-02-24
700,Kelly Reyes,buckleylaura@example.net,Colonbury,2021-07-12
701,Samantha Barker,lbell@example.net,New Kelly,2021-03-24
702,Megan Davies,tonyacastaneda@example.org,Port Ericahaven,2023-12-21
703,Gary Gillespie,ustephens@example.net,Millermouth,2024-06-09
704,Michael Meyers,amybarr@example.org,Lake Jeffreyview,2021-04-29
705,Sandra Hall,johnsonanthony@example.org,East Erikamouth,2021-03-26
706,Andrew Campbell,timothyvasquez@example.net,Heatherburgh,2025-08-29
707,David Leonard,fwalton@example.org,North Jeffreybury,2025-08-10
708,Sarah Morris,kwaters@example.com,Samanthafurt,2022-02-01
709,Jennifer Clark,jeanette27@example.com,Williamschester,2023-07-18
710,Bruce Mendoza,nicholsonchristine@example.org,Gibbsstad,2026-01-05
711,Terry Davidson,kylemurray@example.org,West Wandabury,2025-01-10
712,Gary Walker,gibsonjason@example.net,South Michael,2024-11-27
713,Maureen Riley,zschultz@example.com,Reidstad,2023-11-23
714,Daniel Collins,hullraymond@example.com,Port Scottbury,2025-07-21
715,Jacob Foster,daniel12@example.org,Jenningsport,2025-09-15
716,Stacy Ferguson,ogriffin@example.org,North Deniseshire,2021-05-01
717,Melanie Valdez,avilanicole@example.net,Ponceview,2024-04-27
718,Amanda Johnson,james09@example.org,Port Adriennefurt,2024-12-19
719,Joseph Gill,andrewhayes@example.org,Harringtonmouth,2021-07-30
720,Kevin Nelson,rdillon@example.com,Lake Jacquelineberg,2024-07-25
721,Johnny Jordan,brownshelly@example.org,Millerborough,2023-09-11
722,Jessica Kim,stephanie75@example.org,Sanchezborough,2025-09-02
723,David Ortiz,jeffreymurray@example.net,South Richardchester,2025-07-07
724,Evan Hernandez,michael97@example.org,South Danielside,2024-11-02
725,Kenneth Carr,joshuahuff@example.net,West Johnmouth,2023-11-25
726,David Hamilton,kcaldwell@example.org,New Angelaside,2023-06-05
727,Julie Norris,xbenson@example.org,Michaelton,2021-07-04
728,Eric Day,guzmandonna@example.net,Port Angelastad,2023-12-18
729,Vicki Kelley,churchlouis@example.org,Lisaview,2022-03-24
730,Kimberly Ross,ginacarpenter@example.com,Frankborough,2024-07-29
731,Mason Dixon,lsalinas@example.org,Port Debrafort,2021-04-13
732,Corey Weber,garrettalan@example.net,Jesusberg,2022-06-13
733,Peter Flores,heatherharrison@example.net,Riveramouth,2021-03-09
734,Sarah Jones,michaelberger@example.com,Port Anthony,2024-08-30
735,Christina Hernandez,johnsanchez@example.com,Larabury,2022-08-21
736,Samuel Soto,antoniomckenzie@example.org,South Michael,2025-02-24
737,Kimberly Coleman,wdominguez@example.org,East Jamesside,2024-12-30
738,Timothy Lane,penningtoneddie@example.com,Port Jordan,2025-02-04
739,Rebecca Howe,whiteheadmarcus@example.net,East Mary,2021-06-10
740,Wanda Myers,brandon76@example.com,Perezborough,2021-10-07
741,Christopher Parrish,denise27@example.org,Port Travistown,2024-02-25
742,Crystal Duncan,graylance@example.net,East Elizabethville,2021-12-30
743,Shelia Hartman,lisabaker@example.net,Stephenborough,2024-06-25
744,Jessica Vasquez,kellynash@example.com,Johnstonshire,2023-10-08
745,Scott Powers,natalie64@example.org,Lake Lisafurt,2022-10-19
746,Dr. James Moore,pmorgan@example.net,West Kariland,2021-07-02
747,Christopher Edwards,imoreno@example.com,East Anthonyhaven,2023-01-08
748,Heather Schroeder MD,david89@example.net,Curtisfort,2025-09-22
749,Shannon Henderson,qthornton@example.net,New James,2021-11-22
750,Nicholas Howell,colleenkelly@example.com,North Davehaven,2021-01-29
751,Cynthia Gilbert,andrewcarlson@example.com,Robertstown,2024-11-17
752,Peter Marquez,heather88@example.net,Seanside,2023-11-27
753,Tara Combs,mcgeesarah@example.com,Brownville,2025-09-04
754,Tracey Wise,mark96@example.org,Lake Brittanyview,2023-09-01
755,Eric Carter,browndiane@example.net,South Traceyland,2023-06-26
756,Bryan Wilson,ksimmons@example.com,North Patricia,2024-12-11
757,Jeremy Nichols,zacharyrodriguez@example.net,Caitlinbury,2025-12-17
758,Charles Martin,olsontroy@example.org,East William,2023-12-23
759,Brenda Doyle,khunter@example.org,North Jim,2025-04-16
760,Andrew Gardner,reidpamela@example.com,West Emily,2025-04-02
761,Robert Miller,lewisrobert@example.net,Daltonfort,2023-10-04
762,Henry Myers,jay55@example.com,West Corey,2021-03-05
763,Wesley Rosales,sarahmartin@example.com,Mcphersonstad,2025-08-04
764,Ashley Santos,bakersusan@example.com,West Robert,2023-08-21
765,Guy Robertson,smithmarie@example.net,Jonesstad,2023-05-07
766,Alyssa Jimenez,jenniferanderson@example.net,Lake Eric,2021-11-03
767,Jonathan Robinson,gonzalezapril@example.net,Bushburgh,2025-07-19
768,Amy Hill,andreagarcia@example.com,North Heathershire,2023-01-24
769,Mrs. Makayla Hendricks,cherylgray@example.org,South Christopher,2023-06-29
770,Kathleen Graham,sheenapham@example.org,East Christinaland,2022-02-11
771,Tamara Ward,hoganjerry@example.net,Williamsburgh,2022-03-25
772,Amber Wu,douglasmartinez@example.com,Gonzalezmouth,2022-12-05
773,Seth Mccormick,rebecca55@example.com,East Joshua,2024-03-14
774,Kathleen Duarte,pattersonashley@example.com,Riveraton,2023-03-16
775,Darren Clark,rileyanthony@example.net,Joanneville,2023-10-19
776,Rachel Jones,allisontaylor@example.com,North Rhondaborough,2022-11-20
777,Cheryl Odonnell,ywhite@example.org,Port Samanthahaven,2025-11-29
778,Jordan Miller,johnstoncameron@example.org,Tamaramouth,2022-10-02
779,Shawn Jackson,morrisjustin@example.net,Port Sharon,2023-06-01
780,Felicia Nicholson,wucarlos@example.net,Lake David,2024-10-18
781,Mr. Jason Ferrell,matthew58@example.org,Kristinafort,2022-09-07
782,Benjamin Smith,terry07@example.net,Powellfurt,2021-10-08
783,Todd Griffin,desireeharding@example.net,Lake Jill,2024-11-04
784,Jeffery Cruz,randy82@example.com,North Brandonview,2022-08-27
785,Alyssa Brown,joe04@example.com,Contrerasport,2021-12-11
786,Steven Jensen,coopersarah@example.net,Kimberlyville,2023-05-23
787,Brady Stone,zdougherty@example.com,Thomasstad,2021-06-12
788,Anthony White,lindseybrown@example.org,West Robert,2021-12-21
789,Benjamin Ramos,randy02@example.net,West Albert,2022-08-19
790,Chloe Hammond,lopezcatherine@example.org,West Jasonburgh,2025-08-11
791,Michelle Collins,bshah@example.com,Lake Christophertown,2025-03-21
792,Melissa Cannon,mossnicole@example.org,Lake Heather,2023-02-07
793,Adam Marquez,otrujillo@example.net,East Kellyside,2023-04-16
794,Seth Walker,amy29@example.net,Sullivanfort,2023-08-26
795,Donna Carrillo,flawrence@example.net,New Ronaldport,2023-03-29
796,Morgan Mccoy,williamslarry@example.com,Williamsview,2024-08-20
797,Debbie Griffith,michael17@example.net,Spencermouth,2023-12-29
798,Jessica Castillo,anthonybennett@example.com,East Rhonda,2022-10-12
799,Kathryn Walsh,qbrooks@example.org,Cindystad,2023-05-15
800,Melissa Wallace,eadams@example.org,South Gregorymouth,2024-08-31
801,Barbara Gonzalez,dominic58@example.net,Kellyton,2025-03-30
802,Kevin Aguilar,sheppardbenjamin@example.com,Lake Joseph,2025-01-09
803,William Griffin,joneslisa@example.org,East Martinborough,2024-02-15
804,Joanne Hawkins,ronnie42@example.com,North Colleen,2022-09-22
805,Paul Fleming,ronaldkelly@example.net,North Samanthahaven,2025-04-26
806,Paul Brown,gilbertkenneth@example.net,West Jennifer,2023-06-18
807,Kathleen Hutchinson,fieldsedward@example.com,Bryanport,2024-01-05
808,Andrea Holmes,medinaheather@example.com,West Ericstad,2022-02-04
809,Connor Clark,eric02@example.org,West Deannastad,2024-05-04
810,Bobby Flynn,susankerr@example.net,Orozcoside,2023-02-25
811,Joel Williams,atkinsonsteven@example.com,Walterchester,2025-08-22
812,Matthew Wiggins,morganamanda@example.net,Elizabethchester,2021-07-15
813,Carolyn Booker,danielle46@example.com,Wilsonchester,2025-12-02
814,Matthew Mitchell,michellebarrett@example.com,Perezmouth,2022-08-22
815,Brett Morgan MD,halewilliam@example.com,Gilbertchester,2025-11-28
816,Ana Perez,ronaldallen@example.com,Port Kenneth,2025-10-26
817,Allen Spencer,jocelyn75@example.org,South Anthony,2024-01-17
818,Jasmine James,lpark@example.com,East Samantha,2025-05-22
819,Margaret Foster,scott55@example.net,Port Andrewhaven,2025-03-25
820,Dawn Ruiz,sgarcia@example.org,East Cassandra,2023-01-17
821,Linda Perry,matthew20@example.net,East Amandashire,2022-05-18
822,Michael Gutierrez,stefanie88@example.com,South Melissa,2022-11-16
823,Shawn Romero,hescobar@example.net,Port Ericmouth,2024-08-18
824,Leah Chang,kristy90@example.net,Lake Julie,2022-03-01
825,Amanda Rodriguez,bonnie16@example.org,West Alyssa,2024-02-20
826,Jamie Simmons,dorisbarry@example.net,South Jamesburgh,2022-07-14
827,Samantha Duffy,kelsey54@example.net,Patriciaberg,2024-04-17
828,Brittany Barnett,stewartjoseph@example.org,West Brian,2022-04-08
829,Micheal Gentry,james36@example.net,Lake Reneechester,2022-08-31
830,Danielle Townsend,hessjoseph@example.net,South Jessica,2024-01-28
831,Amanda Maynard,rgarcia@example.net,Port Timothy,2022-08-09
832,Benjamin Williams,xcarter@example.net,Christinaport,2023-11-04
833,Bryan Simpson,robertsmatthew@example.com,Dianechester,2024-06-16
834,Rebekah Freeman,sandra43@example.net,Diazville,2024-05-04
835,Ronnie Kennedy,crodriguez@example.org,South Feliciaburgh,2021-08-20
836,Noah Jackson,jmarks@example.net,New Susan,2023-02-24
837,Angel Barnes,uespinoza@example.com,New Eric,2024-10-07
838,Gary Anderson,matthew59@example.com,Ronniemouth,2022-04-29
839,John Barnes,christina06@example.org,North Reginaldchester,2022-07-27
840,Jeffrey Jones,adamstammy@example.org,Port Megan,2025-09-20
841,Harold Griffith,nicolevincent@example.net,South Charlesmouth,2024-02-22
842,Peter Rodgers,watkinsmeagan@example.net,New Saraside,2021-09-12
843,Edward Clark,sbrown@example.org,East Ronaldburgh,2021-03-07
844,Lisa Olsen,nicholas18@example.org,Ibarraborough,2023-06-12
845,Dawn Marsh,aguirrenicole@example.org,Lake Eileen,2025-07-16
846,Nathan Brown,richardpeters@example.org,Kennedymouth,2022-04-12
847,Betty Hughes,nwilliams@example.org,East John,2021-12-23
848,Matthew Gutierrez,trogers@example.com,Vincenthaven,2024-07-20
849,Ashley Wolfe,barryanne@example.org,Wyattshire,2025-10-01
850,Philip Dodson,andrehickman@example.com,Scottshire,2021-01-23
851,Patrick Henson,gibsonpatrick@example.com,Johnhaven,2024-03-24
852,Michelle Gonzalez,jessicadowns@example.net,North Melissaville,2021-08-27
853,Bryce Meyer II,michellefranklin@example.net,Port Kathryn,2021-01-26
854,Desiree Douglas,christina07@example.org,East Karen,2023-02-09
855,Sean Castillo,ronaldjohnson@example.net,East Jared,2022-08-03
856,Jasmine Sanchez,arandall@example.org,Port Philip,2021-03-28
857,Melanie Patterson,kenneth98@example.net,Lake Douglas,2021-01-23
858,Shane Lee,fpeters@example.com,Johnborough,2025-05-07
859,James Torres,kevin56@example.org,East Jacquelinestad,2024-01-02
860,Eric Taylor,edwardsjames@example.com,Schmidtburgh,2021-09-12
861,Elizabeth Ramirez,bradshawjessica@example.com,West Kara,2024-04-30
862,Donald Rodgers,taylorlowe@example.org,Hannahburgh,2021-08-21
863,Jennifer Orr,huberpatrick@example.net,Alexandraview,2023-07-25
864,Laura Stokes,lperez@example.org,Baldwinstad,2024-06-07
865,Jordan Jones,luke71@example.net,South Kathleenshire,2024-12-16
866,Brian Carlson,mooneykimberly@example.net,New Jessicashire,2023-04-25
867,Katherine Hunter,laurenjones@example.org,East Michaelville,2022-12-25
868,Jessica Lucas,angelaruiz@example.org,New Cameron,2021-07-28
869,Todd Brown,ryan71@example.org,Lake Davidton,2023-01-02
870,Shelby Jones,parsonsrussell@example.org,Kellytown,2022-08-10
871,Dr. Ryan Morris,bradchavez@example.com,Lake Alicia,2022-01-21
872,Erica Johnson,hallholly@example.com,East Rebecca,2021-08-05
873,Tiffany Ferrell,pamela82@example.org,West Eric,2024-01-12
874,Alexandria Walters,markhoward@example.org,Port Mary,2025-01-11
875,Alvin Lynch,kyle99@example.net,Port Robertberg,2024-07-28
876,Amanda Rodriguez,arnoldshawn@example.com,Williamsstad,2023-02-04
877,Timothy Estrada MD,mariastafford@example.net,Jessicachester,2024-03-09
878,Jacqueline Hill,matthew65@example.net,Lake Dennisshire,2022-03-11
879,Erica Berger,tgraham@example.org,Johnborough,2021-07-11
880,Sherry Drake,jerry14@example.org,Olsonchester,2021-03-21
881,Tammy Duran,leonardjesse@example.com,Timothyburgh,2021-06-08
882,Kerry Kidd,madelinewhite@example.org,Laurahaven,2025-11-01
883,Christopher Reed,julian78@example.org,Zacharyside,2022-09-20
884,Chad Aguirre,michael25@example.org,East Stephanie,2024-09-04
885,Vincent Benson,holtalison@example.org,Robertshire,2023-12-21
886,Frank Davis,danielsdavid@example.com,Yangview,2025-09-16
887,Jonathan Lynch,cmorris@example.com,South Carolynchester,2025-08-19
888,Christopher Forbes,nelsonbenjamin@example.org,Smithville,2021-05-17
889,Ryan Thompson,vcollins@example.net,Burgessberg,2024-10-27
890,Nancy Schultz,browntimothy@example.net,North Michele,2025-08-27
891,Theresa Saunders,prasmussen@example.net,New Kevin,2023-03-09
892,Frederick Wilkins,janice63@example.com,Hunterbury,2025-06-29
893,Larry Krueger,martinezmichael@example.net,New Sarah,2024-12-18
894,Kelly Wade,marknewton@example.com,Jamesmouth,2024-07-14
895,Michael Ward,mgarner@example.org,Martinport,2025-05-03
896,Wendy Ortega,daniellester@example.net,Copelandfurt,2022-05-09
897,Doris Day,tonyawolfe@example.org,Lake Hollytown,2023-04-11
898,Anthony Garcia,jillboyd@example.org,Amandatown,2022-10-28
899,Paul Mckinney,terryblake@example.com,Lake Jesseville,2023-01-31
900,Kevin Meza,nolancharles@example.net,Matthewshire,2021-07-13
901,Jordan Sloan,hectorgarcia@example.com,Lake Jamieburgh,2024-10-30
902,Nancy Wilson,william97@example.net,Ronaldside,2022-08-07
903,Patrick Brown,patriciajohnson@example.net,Timothyland,2025-08-22
904,Mallory Robinson,jenniferschultz@example.net,Derekhaven,2023-03-28
905,Destiny Becker,christian42@example.com,Lake Diana,2024-04-21
906,Jeff Thomas,mcmillanstephanie@example.net,South Samuel,2022-01-19
907,Carmen Kidd,samanthawoods@example.org,Bethhaven,2022-03-24
908,Lisa Bowman,qwolf@example.org,East Danielle,2022-04-18
909,Johnny Baker,chelseaneal@example.net,North Jacqueline,2024-02-19
910,Kristopher Vega,natalie30@example.org,Richardton,2023-05-02
911,Jeremy Jordan,mmay@example.org,Dixonhaven,2025-11-06
912,Kimberly Hale,gabriela21@example.net,Caitlinburgh,2022-01-12
913,Emily Smith,paula38@example.com,South Brittney,2023-03-26
914,Ryan Patterson,patrickcain@example.net,Lovebury,2021-08-16
915,Nicole Garcia,pearsonbeth@example.org,Port Rachelstad,2021-06-12
916,Alan Brown,matthew50@example.com,South Crystal,2024-03-31
917,Matthew Munoz,kimberlylewis@example.net,Angelicatown,2024-06-19
918,Patrick Jones,lynchandres@example.org,Millerburgh,2023-07-22
919,Michael Calderon,richardsonbrandon@example.net,Webbburgh,2024-07-28
920,Lindsey Woods,denise61@example.com,Port Tyler,2021-04-19
921,Amber Lopez,gmason@example.com,Hessmouth,2024-09-08
922,Sydney Johnson,jbrown@example.net,New Diane,2024-06-02
923,Daniel Johnston,sarahwade@example.org,Jenniferland,2025-02-25
924,Kyle Oliver,escobarrichard@example.org,North Kari,2022-08-08
925,Chelsea Patel,palmerjames@example.com,West Danny,2021-07-19
926,Elaine Curtis,osborndavid@example.net,Eatonton,2023-08-07
927,Rachel Contreras,bjohnson@example.org,New Clifford,2024-08-26
928,Brittany Cruz,woodskevin@example.org,Mcclainstad,2025-12-06
929,Madison Scott,hannah50@example.net,Morganfort,2022-05-03
930,Brett Obrien,kingalexandria@example.org,North Tracytown,2024-11-13
931,Angela Dickson,kristopher95@example.org,Natalieshire,2022-07-02
932,William Cruz,scott70@example.com,Sheilastad,2024-08-31
933,Mackenzie Carson,westleslie@example.com,Lake Taylor,2021-12-11
934,Zachary Campbell,kellybrowning@example.net,Deannafurt,2024-03-20
935,Julie Allen,lopezlisa@example.net,Ortizfurt,2025-02-13
936,Richard Long,amanda99@example.org,Maryshire,2024-02-20
937,Breanna Gillespie,greenerobert@example.com,Martinezburgh,2023-12-21
938,David Smith,mbarrett@example.net,South Melindaport,2022-12-05
939,Sherri Rivera,christian29@example.com,Johnsonstad,2021-11-15
940,Gordon Hernandez,michael01@example.org,New Natasha,2023-10-30
941,Juan Cooley,turnerjimmy@example.net,Lake Melinda,2025-12-14
942,Casey Curry,tgarcia@example.net,Lisaborough,2022-01-18
943,Charles Reed,curtismendoza@example.com,Port Brian,2023-05-21
944,Jill Perez,stephanie32@example.com,Lake Ashley,2023-03-20
945,Jacob Perez,alexandergillespie@example.org,Chandlerland,2021-11-18
946,Amber Andrews DDS,williammoody@example.org,North Margaret,2025-11-01
947,Amanda Tyler,uchavez@example.net,West Johnfort,2021-12-24
948,Stephanie Williams,steven31@example.org,Hernandezton,2022-10-03
949,Angela Lee,chernandez@example.net,North Jesse,2024-06-17
950,Tracy Martin,gregorygregory@example.net,Lake Devin,2024-07-12
951,Gregory Fischer,wilsonfelicia@example.net,Russellfort,2025-01-13
952,Kimberly Brock,wayne46@example.org,Davisport,2024-03-23
953,Melissa Galloway,blakebailey@example.org,Whiteheadton,2023-01-14
954,Jessica Reid,timothycordova@example.com,Lake Jacobfort,2023-12-13
955,Chelsea Hatfield,martinmatthew@example.org,Lake Vanessaburgh,2025-01-04
956,Jeffrey Mckenzie,brittanyrodriguez@example.org,Smithtown,2021-05-11
957,Paul Dominguez,paul45@example.org,Madelinefort,2023-02-06
958,Vicki Sullivan,shannon11@example.org,North Tammyborough,2024-08-26
959,Michael Nolan,karen66@example.org,North Angela,2021-03-20
960,Sandra Hurley,martinmisty@example.com,West Jose,2024-06-14
961,Robert Stewart,bjones@example.com,South Michaelport,2024-08-27
962,David Howard,charles14@example.org,Tanyatown,2023-01-17
963,Travis Olson,acampbell@example.com,Gregorybury,2022-07-19
964,Ann Schwartz,kathythompson@example.com,West Monica,2023-05-10
965,Erin Griffin,lbell@example.org,Port Steven,2021-08-11
966,Melanie Hicks,pflores@example.net,Baileyland,2025-02-18
967,Michael Hanson,barrbryan@example.net,South Julia,2024-03-30
968,William Williams,imartinez@example.net,Sharonshire,2024-03-07
969,Cheryl Anderson,nicholemartin@example.org,Gonzalesview,2023-12-15
970,Kenneth Farmer,ellissarah@example.net,Robertborough,2022-11-13
971,Andrew Robinson,rebecca99@example.com,South Kari,2021-04-23
972,Travis Blair,pottercorey@example.net,Joneshaven,2022-03-04
973,Jason Clark,fsanders@example.net,Kellyton,2022-04-06
974,Melanie Harris,rbaker@example.com,Richardberg,2023-10-07
975,Donald Ortega,regina05@example.org,Kristaborough,2021-12-11
976,Briana Herrera,awatkins@example.org,Port Jackieview,2024-11-12
977,Randy Stark,jamesmorrison@example.com,East Shanefurt,2024-01-05
978,Sara Webb,sweeneyterri@example.org,Jasonton,2024-12-05
979,Joseph Ortiz,dianewilliams@example.net,West Andretown,2025-06-16
980,Kimberly Mckay,morganangela@example.com,Janetside,2025-02-01
981,Sean Baker,jacksonrachel@example.net,Clarketon,2025-02-03
982,Susan Shelton,harrisdaniel@example.net,Morganbury,2024-09-29
983,Ashley Conner,reedjackie@example.org,Lake Crystalfort,2025-04-16
984,Kenneth Evans,virginiakim@example.net,West Jordanbury,2023-10-11
985,Jessica Pitts,brandonfitzpatrick@example.org,North Timothy,2023-03-25
986,Matthew Burnett,donaldbryan@example.com,Gillespiemouth,2024-06-21
987,Alyssa Doyle,mcclainmichele@example.org,Josephmouth,2023-12-06
988,Louis Flores,elizabethhart@example.com,Lake Michaelfurt,2023-04-15
989,Michael Mason,jensendustin@example.com,Lake John,2025-08-29
990,Hannah Schultz,drewford@example.com,South Steven,2021-01-19
991,Shawn Cruz,tonya88@example.org,Williamsfurt,2023-12-04
992,Robert Taylor,taylorbrian@example.net,Nicolemouth,2024-07-27
993,Terri Martin,rogersandrew@example.net,Port Carlchester,2024-11-15
994,Alan Paul,millerroger@example.com,Ericamouth,2025-08-13
995,Holly Johnson,seandennis@example.org,South Shirley,2023-01-13
996,Timothy Hartman,jasminehamilton@example.net,Trevormouth,2023-01-08
997,Marcus Wise,debbie79@example.net,North Bethany,2025-03-31
998,Robert Foster,wisemary@example.com,New Erictown,2024-08-03
999,Alyssa Reid,ericjenkins@example.net,Julieton,2022-03-15
1000,Amanda Wright,lwood@example.com,South Kathy,2021-03-30
